--
-- PostgreSQL database dump
--

-- Dumped from database version 13.1
-- Dumped by pg_dump version 13.1

SET statement_timeout = 0;
SET lock_timeout = 0;
SET idle_in_transaction_session_timeout = 0;
SET client_encoding = 'UTF8';
SET standard_conforming_strings = on;
SELECT pg_catalog.set_config('search_path', '', false);
SET check_function_bodies = false;
SET xmloption = content;
SET client_min_messages = warning;
SET row_security = off;

SET default_tablespace = '';

SET default_table_access_method = heap;

--
-- Name: daily_tips; Type: TABLE; Schema: public; Owner: Sara
--

CREATE TABLE public.daily_tips (
    tip_date integer NOT NULL,
    emp_id integer NOT NULL,
    bottles integer,
    tips numeric
);


ALTER TABLE public.daily_tips OWNER TO "Sara";

--
-- Name: departments; Type: TABLE; Schema: public; Owner: Sara
--

CREATE TABLE public.departments (
    dept_id integer NOT NULL,
    dept_name text NOT NULL
);


ALTER TABLE public.departments OWNER TO "Sara";

--
-- Name: departments_dept_id_seq; Type: SEQUENCE; Schema: public; Owner: Sara
--

ALTER TABLE public.departments ALTER COLUMN dept_id ADD GENERATED BY DEFAULT AS IDENTITY (
    SEQUENCE NAME public.departments_dept_id_seq
    START WITH 1
    INCREMENT BY 1
    NO MINVALUE
    NO MAXVALUE
    CACHE 1
);


--
-- Name: employee_department; Type: TABLE; Schema: public; Owner: Sara
--

CREATE TABLE public.employee_department (
    emp_id integer NOT NULL,
    dept_id integer NOT NULL
);


ALTER TABLE public.employee_department OWNER TO "Sara";

--
-- Name: employees; Type: TABLE; Schema: public; Owner: Sara
--

CREATE TABLE public.employees (
    emp_id integer NOT NULL,
    emp_name text NOT NULL
);


ALTER TABLE public.employees OWNER TO "Sara";

--
-- Name: schemaversion; Type: TABLE; Schema: public; Owner: Sara
--

CREATE TABLE public.schemaversion (
    version bigint NOT NULL,
    name text,
    md5 text,
    run_at timestamp with time zone
);


ALTER TABLE public.schemaversion OWNER TO "Sara";

--
-- Data for Name: daily_tips; Type: TABLE DATA; Schema: public; Owner: Sara
--

COPY public.daily_tips (tip_date, emp_id, bottles, tips) FROM stdin;
20200201	2	0	54.25
20200201	3	0	88.85
20200201	4	0	90.56
20200201	6	1	98.89
20200201	9	5	154.62
20200201	10	2	178.52
20200201	12	3	165.23
20200202	1	0	198.87
20200202	2	0	101.01
20200202	5	0	175.52
20200202	6	0	85.63
20200202	8	3	101.01
20200202	11	6	201.63
20200202	12	2	187.89
20200202	13	4	187.89
20200214	1	0	78.85
\.


--
-- Data for Name: departments; Type: TABLE DATA; Schema: public; Owner: Sara
--

COPY public.departments (dept_id, dept_name) FROM stdin;
1	BOH
2	Prep
3	Busser
4	Barback
5	Bartender
\.


--
-- Data for Name: employee_department; Type: TABLE DATA; Schema: public; Owner: Sara
--

COPY public.employee_department (emp_id, dept_id) FROM stdin;
1	1
2	2
3	3
4	3
5	3
6	3
6	4
7	4
8	4
8	5
9	5
10	5
11	5
12	5
13	5
\.


--
-- Data for Name: employees; Type: TABLE DATA; Schema: public; Owner: Sara
--

COPY public.employees (emp_id, emp_name) FROM stdin;
1	Back of House
2	JT
3	Fernanda G
4	Fernanda T
5	Estefania
6	Jesus
7	Maddy
8	Cam
9	Josh
10	Alec
11	Steph
12	Tucker
13	Sara
\.


--
-- Data for Name: schemaversion; Type: TABLE DATA; Schema: public; Owner: Sara
--

COPY public.schemaversion (version, name, md5, run_at) FROM stdin;
0	\N	\N	\N
1	create-employees	80ae4bbdd81dcabade1a6c61d73383e2	2021-03-07 01:03:15.317+00
2	create-departments	8922b207e845852b1927fd8e9a08e265	2021-03-07 01:03:15.334+00
3	create-emp-dept	deb3d51dcc30afb99f80b9c73e549add	2021-03-07 01:03:15.348+00
4	create-daily-tips	50c1f7cfee1feebe0e6d827ae4b22349	2021-03-07 01:03:15.384+00
\.


--
-- Name: departments_dept_id_seq; Type: SEQUENCE SET; Schema: public; Owner: Sara
--

SELECT pg_catalog.setval('public.departments_dept_id_seq', 5, true);


--
-- Name: daily_tips daily_tips_pkey; Type: CONSTRAINT; Schema: public; Owner: Sara
--

ALTER TABLE ONLY public.daily_tips
    ADD CONSTRAINT daily_tips_pkey PRIMARY KEY (tip_date, emp_id);


--
-- Name: departments departments_pkey; Type: CONSTRAINT; Schema: public; Owner: Sara
--

ALTER TABLE ONLY public.departments
    ADD CONSTRAINT departments_pkey PRIMARY KEY (dept_id);


--
-- Name: employee_department employee_department_pkey; Type: CONSTRAINT; Schema: public; Owner: Sara
--

ALTER TABLE ONLY public.employee_department
    ADD CONSTRAINT employee_department_pkey PRIMARY KEY (emp_id, dept_id);


--
-- Name: employees employees_pkey; Type: CONSTRAINT; Schema: public; Owner: Sara
--

ALTER TABLE ONLY public.employees
    ADD CONSTRAINT employees_pkey PRIMARY KEY (emp_id);


--
-- Name: schemaversion schemaversion_pkey; Type: CONSTRAINT; Schema: public; Owner: Sara
--

ALTER TABLE ONLY public.schemaversion
    ADD CONSTRAINT schemaversion_pkey PRIMARY KEY (version);


--
-- Name: daily_tips daily_tips_emp_id_fkey; Type: FK CONSTRAINT; Schema: public; Owner: Sara
--

ALTER TABLE ONLY public.daily_tips
    ADD CONSTRAINT daily_tips_emp_id_fkey FOREIGN KEY (emp_id) REFERENCES public.employees(emp_id);


--
-- Name: employee_department employee_department_dept_id_fkey; Type: FK CONSTRAINT; Schema: public; Owner: Sara
--

ALTER TABLE ONLY public.employee_department
    ADD CONSTRAINT employee_department_dept_id_fkey FOREIGN KEY (dept_id) REFERENCES public.departments(dept_id);


--
-- Name: employee_department employee_department_emp_id_fkey; Type: FK CONSTRAINT; Schema: public; Owner: Sara
--

ALTER TABLE ONLY public.employee_department
    ADD CONSTRAINT employee_department_emp_id_fkey FOREIGN KEY (emp_id) REFERENCES public.employees(emp_id) ON DELETE CASCADE;


--
-- PostgreSQL database dump complete
--

